city_code,n,ppm2_2022,ppm2_2015,median_age,median_walk_min,median_area,share_renovated,growth_pct,name,cluster_k4,cluster
13101,2007,1410838.962,1051881.597,14.0,3.0,30.0,0.192,34.125,Chiyoda,1,1
13102,5663,1241706.94,939123.545,13.0,4.0,40.0,0.166,32.22,Chuo,1,1
13103,6279,1505107.958,1114488.849,15.0,6.0,45.0,0.227,35.049,Minato,1,1
13104,6624,1163749.083,872300.957,16.0,5.0,25.0,0.228,33.411,Shinjuku,1,1
13105,4422,1128181.253,865890.96,17.0,5.0,30.0,0.235,30.291,Bunkyo,1,1
13106,3902,999520.326,731370.543,12.0,5.0,35.0,0.217,36.664,Taito,1,1
13107,4553,934490.107,716343.454,12.0,6.0,35.0,0.235,30.453,Sumida,1,1
13108,8523,929618.7,688532.359,13.0,7.0,60.0,0.244,35.015,Koto,1,1
13109,6124,1140391.336,876544.112,15.0,6.0,40.0,0.243,30.101,Shinagawa,1,1
13110,2828,1216595.317,921232.08,18.0,8.0,40.0,0.262,32.062,Meguro,1,1
13111,8793,898510.332,709127.974,15.0,6.0,30.0,0.253,26.706,Ota,1,1
13112,6864,983464.596,746678.835,18.0,8.0,55.0,0.263,31.712,Setagaya,1,1
13113,3691,1345430.832,1001266.873,18.0,6.0,35.0,0.247,34.373,Shibuya,1,1
13114,3047,974168.48,719092.617,16.0,6.0,35.0,0.253,35.472,Nakano,1,1
13115,4744,924069.864,733220.367,18.0,7.0,35.0,0.273,26.029,Suginami,1,1
13116,4180,1069574.233,804899.398,15.0,6.0,25.0,0.212,32.883,Toshima,1,1
13117,3025,872166.625,625278.659,13.0,6.0,45.0,0.256,39.484,Kita,1,1
13118,1951,814262.314,545625.115,14.0,6.0,50.0,0.281,49.235,Arakawa,1,1
13119,5862,759186.428,562203.689,16.0,7.0,45.0,0.274,35.038,Itabashi,1,1
13120,5063,788956.202,596970.285,17.0,7.0,45.0,0.281,32.16,Nerima,1,1
13121,3984,585989.697,398390.855,20.0,9.0,60.0,0.33,47.089,Adachi,0,0
13122,2730,599520.523,395429.101,22.0,9.0,55.0,0.316,51.613,Katsushika,0,0
13123,2885,614166.02,464892.456,19.0,10.0,65.0,0.326,32.109,Edogawa,0,0
13201,2580,435540.365,299471.111,21.0,10.0,65.0,0.33,45.437,Hachioji,0,0
13202,953,594557.117,363604.893,21.0,10.0,55.0,0.353,63.517,Tachikawa,0,0
13203,877,911441.34,753992.47,18.0,10.0,60.0,0.295,20.882,Musashino,0,0
13204,725,828504.642,617783.883,17.0,19.0,65.0,0.234,34.109,Mitaka,0,0
13205,549,209320.579,197956.861,26.0,9.0,55.0,0.34,5.741,Ome,3,0
13206,1498,594290.24,460647.238,18.0,7.0,60.0,0.325,29.012,Fuchu,0,0
13207,436,405075.159,295411.275,20.0,10.0,70.0,0.255,37.122,Akishima,0,0
13208,1336,651597.992,509656.471,21.0,9.0,60.0,0.336,27.85,Chofu,0,0
13209,1225,422727.921,340076.121,20.0,13.0,65.0,0.351,24.304,Machida,0,0
13210,523,701956.707,503286.633,22.0,10.0,60.0,0.339,39.475,Koganei,0,0
13211,531,505063.556,361627.552,18.0,11.0,65.0,0.295,39.664,Kodaira,0,0
13212,617,397927.893,325570.589,20.0,9.0,65.0,0.302,22.225,Hino,0,0
13213,614,364599.187,320194.839,23.0,8.0,60.0,0.345,13.868,Higashimurayama,3,0
13214,473,643776.555,500881.908,20.0,9.0,65.0,0.321,28.529,Kokubunji,0,0
13215,339,733518.473,553537.104,17.0,7.0,65.0,0.303,32.515,Kunitachi,0,0
13219,433,654237.676,490200.887,30.0,8.0,60.0,0.336,33.463,Komae,3,0
13220,304,387446.204,321185.121,20.0,6.0,65.0,0.305,20.63,Higashiyamato,0,0
13222,360,371967.303,249539.538,28.0,25.0,65.0,0.349,49.061,Higashikurume,2,0
13224,1194,372171.792,325748.847,29.0,13.0,70.0,0.33,14.251,Tama,3,0
13225,403,472147.354,361817.515,20.0,10.0,65.0,0.273,30.493,Inagi,0,0
13229,777,564373.341,412065.902,18.0,10.0,65.0,0.33,36.962,Nishitokyo,0,0
